{
  "PresetView" : {
    "type" : "UIView",
    "frame" : {
      "y" : "0",
      "x" : "0",
      "width" : "screen_width",
      "height" : "screen_height",
      "userInteractionEnabled" : "NO"
    },
    "children" : {
      "SysInfo" : {
        "boxShadow" : {
          "y" : "3",
          "color" : "rgba(0,0,0,0)",
          "x" : "0",
          "radius" : "3"
        },
        "userInteraction" : "YES",
        "frame" : {
          "y" : "center",
          "x" : "center",
          "width" : "160",
          "height" : "123"
        },
        "showWhenCharging" : "NO",
        "borderWidth" : "2",
        "backgroundColor" : "rgba(33, 32, 32, 1.00)",
        "showWhenPlaying" : "NO",
        "children" : {
          "SysInfoLabel" : {
            "boxShadow" : {
              "y" : "3",
              "color" : "rgba(0,0,0,0)",
              "x" : "0",
              "radius" : "3"
            },
            "blurColor" : "dark",
            "frame" : {
              "y" : "0",
              "x" : "center",
              "width" : "160",
              "height" : "30"
            },
            "showWhenCharging" : "NO",
            "borderWidth" : "3",
            "backgroundColor" : "rgba(94, 101, 112, 1.00)",
            "showWhenPlaying" : "NO",
            "children" : {
              "Icons" : {
                "pauseImage" : "none",
                "frame" : {
                  "y" : "-44",
                  "x" : "3",
                  "width" : "80",
                  "height" : "100"
                },
                "isAlbumArt" : "0",
                "contentMode" : "scaleAspectFit",
                "maskURL" : "none",
                "cornerRadius" : "0",
                "animation" : "none",
                "imageURL" : "IMG_2756_adobe_express.png",
                "type" : "UIImageView",
                "actions" : "none",
                "imageFolder" : "none"
              },
              "Status" : {
                "textShadow" : {
                  "y" : "3",
                  "color" : "rgba(0,0,0,0)",
                  "x" : "0",
                  "radius" : "3"
                },
                "fontNameAttr" : "none",
                "frame" : {
                  "y" : "-5",
                  "x" : "28",
                  "width" : "150",
                  "height" : "40"
                },
                "fontName" : "Helvetica",
                "fontColorAttr" : "none",
                "dataAttr" : "none",
                "textColor" : "rgba(255,255,255,1.0)",
                "borderWidth" : "0",
                "backgroundColor" : "rgba(255,255,255,0)",
                "textAlignment" : "NSTextAlignmentCenter",
                "type" : "UILabel",
                "alpha" : "1",
                "fontSize" : "15",
                "gradientImage" : "none",
                "fontSizeAttr" : "none",
                "textStyle" : "none",
                "kerning" : "0",
                "borderColor" : "rgba(255,255,255,1)",
                "data" : "Status",
                "numberOfLines" : "1"
              }
            },
            "blurAlpha" : "0",
            "cornerRadius" : "0",
            "type" : "UIView",
            "childorder" : "Icons,Status",
            "rotate" : "0",
            "blurIntensity" : "10",
            "alpha" : "1",
            "scale" : "0",
            "gradientImage" : "none",
            "actions" : "none",
            "cutWithView" : "none",
            "borderColor" : "rgba(255,255,255,0)",
            "animation" : "none",
            "userInteraction" : "YES"
          },
          "Weather" : {
            "textShadow" : {
              "y" : "3",
              "color" : "rgba(0,0,0,0)",
              "x" : "0",
              "radius" : "3"
            },
            "fontNameAttr" : "none",
            "frame" : {
              "y" : "66",
              "x" : "-33",
              "width" : "150",
              "height" : "40"
            },
            "fontName" : "Helvetica",
            "fontColorAttr" : "none",
            "dataAttr" : "none",
            "textColor" : "rgba(255,255,255,1.0)",
            "borderWidth" : "0",
            "backgroundColor" : "rgba(255,255,255,0)",
            "textAlignment" : "NSTextAlignmentCenter",
            "type" : "UILabel",
            "alpha" : "1",
            "fontSize" : "13",
            "gradientImage" : "none",
            "fontSizeAttr" : "none",
            "textStyle" : "none",
            "kerning" : "0",
            "borderColor" : "rgba(255,255,255,1)",
            "data" : "Weather: [condition]",
            "numberOfLines" : "1"
          },
          "Temp" : {
            "textShadow" : {
              "y" : "3",
              "radius" : "3",
              "x" : "0",
              "color" : "rgba(0,0,0,0)"
            },
            "fontNameAttr" : "none",
            "frame" : {
              "y" : "46",
              "x" : "-22",
              "width" : "150",
              "height" : "40"
            },
            "fontName" : "Helvetica",
            "fontColorAttr" : "none",
            "dataAttr" : "none",
            "textColor" : "rgba(255,255,255,1.0)",
            "borderWidth" : "0",
            "backgroundColor" : "rgba(255,255,255,0)",
            "textAlignment" : "NSTextAlignmentCenter",
            "type" : "UILabel",
            "alpha" : "1",
            "fontSize" : "13",
            "gradientImage" : "none",
            "fontSizeAttr" : "none",
            "textStyle" : "none",
            "kerning" : "0",
            "borderColor" : "rgba(255,255,255,1)",
            "data" : "Temperature: [temperature]",
            "numberOfLines" : "1"
          },
          "Battery" : {
            "textShadow" : {
              "y" : "3",
              "color" : "rgba(0,0,0,0)",
              "x" : "0",
              "radius" : "3"
            },
            "fontNameAttr" : "none",
            "frame" : {
              "y" : "85",
              "x" : "-38",
              "width" : "150",
              "height" : "40"
            },
            "fontName" : "Helvetica",
            "fontColorAttr" : "none",
            "dataAttr" : "none",
            "textColor" : "rgba(255,255,255,1.0)",
            "borderWidth" : "0",
            "backgroundColor" : "rgba(255,255,255,0)",
            "textAlignment" : "NSTextAlignmentCenter",
            "type" : "UILabel",
            "alpha" : "1",
            "fontSize" : "13",
            "gradientImage" : "none",
            "fontSizeAttr" : "none",
            "textStyle" : "none",
            "kerning" : "0",
            "borderColor" : "rgba(255,255,255,1)",
            "data" : "Battery: [batterypercent]",
            "numberOfLines" : "1"
          },
          "Date" : {
            "textShadow" : {
              "y" : "3",
              "color" : "rgba(0,0,0,0)",
              "x" : "0",
              "radius" : "3"
            },
            "fontNameAttr" : "none",
            "frame" : {
              "y" : "26",
              "x" : "-13",
              "width" : "150",
              "height" : "40"
            },
            "fontName" : "Helvetica",
            "fontColorAttr" : "none",
            "dataAttr" : "none",
            "textColor" : "rgba(255,255,255,1.0)",
            "borderWidth" : "0",
            "backgroundColor" : "rgba(255,255,255,0)",
            "textAlignment" : "NSTextAlignmentCenter",
            "type" : "UILabel",
            "alpha" : "1",
            "fontSize" : "13",
            "gradientImage" : "none",
            "fontSizeAttr" : "none",
            "textStyle" : "none",
            "kerning" : "0",
            "borderColor" : "rgba(255,255,255,1)",
            "data" : "Date: [shortday]-[dateordinal]-[year]",
            "numberOfLines" : "1"
          }
        },
        "blurAlpha" : "0",
        "cornerRadius" : "15",
        "type" : "UIView",
        "childorder" : "SysInfoLabel,Date,Temp,Weather,Battery",
        "rotate" : "0",
        "blurIntensity" : "10",
        "alpha" : "1",
        "scale" : "0",
        "gradientImage" : "none",
        "actions" : "none",
        "cutWithView" : "none",
        "borderColor" : "rgba(94, 101, 112, 1.00)",
        "animation" : "none",
        "blurColor" : "dark"
      }
    }
  }
}